Case,Area 55 (nmi^2), Area 60 (nmi^2), Area 65 (nmi^2), 
0,20.8256088935691,6.85183507542983,2.44444318976557,