Case,Area 55 (nmi^2), Area 60 (nmi^2), Area 65 (nmi^2), 
0,19.660286874296,6.43501989086599,2.33431767677181,