Case,Area 55 (nmi^2), Area 60 (nmi^2), Area 65 (nmi^2), 
0,15.4423731089139,4.89001885954059,1.89205821626808,