Case,Area 55 (nmi^2), Area 60 (nmi^2), Area 65 (nmi^2), 
0,16.242865893001,5.14616762237501,1.96669690126334,