Case,Area 55 (nmi^2), Area 60 (nmi^2), Area 65 (nmi^2), 
0,17.7880809295554,5.62536182238952,2.10215072708954,