Case,Area 55 (nmi^2), Area 60 (nmi^2), Area 65 (nmi^2), 
0,17.3828795386525,5.50294517046024,2.07092671724478,