Case,Pop. Exposed 55,Pop. Exposed 60,Pop. Exposed 65,
0,1576.44874504299,103.96217761,0.105121,