Case,Pop. Exposed 55,Pop. Exposed 60,Pop. Exposed 65,
0,1028.40855044885,9.52375311,0.068439,