Case,Pop. Exposed 55,Pop. Exposed 60,Pop. Exposed 65,
0,1194.91205384885,33.778081063,0.068439,