Case,Pop. Exposed 55,Pop. Exposed 60,Pop. Exposed 65,
0,5961.44221530998,1680.66681449,660.8293827,