Case,Pop. Exposed 55,Pop. Exposed 60,Pop. Exposed 65,
0,911.50681944885,5.15171481,0.050098,