Case,Pop. Exposed 55,Pop. Exposed 60,Pop. Exposed 65,
0,6844.95369643003,2149.11093419001,719.858144699999,